<?xml version="1.0" encoding="UTF-8" standalone="yes"?>
<addon id="script.reboottonand"
       name="Reboot to android"
       version="0.0.1"
       provider-name="trogggy">
  <requires>
    <import addon="xbmc.python" version="2.14.0"/>
  </requires>
  <extension point="xbmc.python.script" library="default.py" />
  <extension point="xbmc.addon.metadata">
    <platform>all</platform>
    <summary>Reboots to nand if possible</summary>
    <description>Reboots to nand if enabled in amlogic ELECs</description>
    <source></source>
  </extension>
</addon>
