<?xml version="1.0" encoding="UTF-8" standalone="yes"?>
<addon id="script.advancedsettingsswitcher"
       name="Advanced settings switcher"
       version="0.0.1"
       provider-name="trogggy">
  <requires>
    <import addon="xbmc.python" version="2.14.0"/>
  </requires>
  <extension point="xbmc.python.script" library="default.py" />
  <extension point="xbmc.addon.metadata">
    <platform>all</platform>
    <summary>swap advanced settings</summary>
    <description>Make an advancedsettings folder in the root of userdata.  Any .xml files placed in that folder can be renamed to advancedsettings.xml and will be applied (if valid!) on a restart </description>
    <source>https://github.com/trogggy/trogggy.scripts</source>
  </extension>
</addon>
